Index,Type,Name,Time Bonus,Script,Key
0,Multiplayer,Deathmatch Multiplayer,,stdvs,
1,Multiplayer,Deathmatch Multiplayer,,"stdvs,wormpot",
2,Multiplayer,Survivor Multiplayer,,Survivor,
3,Multiplayer,Destruction Multiplayer,,MultiplayerDestruction,
4,Multiplayer,Statue Defend Multiplayer,,StatueDefend,
0,Tutorial,Worminkle University,,Tutorial1,Tutorial.1
1,Tutorial,Unsporting Behaviour,,Tutorial2,Tutorial.2
2,Tutorial,Mike's Secret Laboratory,,Tutorial3,Tutorial.3
0,Story,Diner Might,120,DinerMight,Story.DinerMight
1,Story,Sneaky Bridge Thieves,240,SneakyBridgeThieves,Story.BridgeThieves
2,Story,Building Site Saboteurs,180,BuildingSiteSaboteurs,Story.Saboteurs
3,Story,The Crate Escape,45,TheCrateEscape,Story.CrateEscape
4,Story,Destruct And Serve,480,DestructAndServe,Story.DestructAndServe
5,Story,Storm The Castle,510,StormTheCastle,Story.StormTheCastle
6,Story,The Windy Wizard,300,TheWindyWizard,Story.WindyWizard
7,Story,Rob in the Hood,240,RobInTheHood,Story.RobInTheHood
8,Story,Joust About It,570,JoustAboutIt,Story.JoustAboutIt
9,Story,Nice To Siege You,900,NiceToSiegeYou,Story.NiceToSiege
10,Story,Mine All Mine,180,MineAllMine,Story.MineAllMine
11,Story,Ghost Hill Graveyard,540,GhostHillGraveyard,Story.GhostHill
12,Story,Tin Can Wally,240,TinCanWally,Story.TinCanWally
13,Story,Doom Canyon,240,DoomCanyon,Story.DoomCanyon
14,Story,High Noon Hijinx,690,HighNoonHiJinx,Story.HighNoon
15,Story,Turkish Delights,300,TurkishDelights,Story.TurkishDelights
16,Story,No Room For Error,210,NoRoomForError,Story.NoRoomForError
17,Story,Carpet Capers,480,CarpetCapers,Story.CarpetCapers
18,Story,Traitorous Waters,210,TraitorousWaters,Story.TraitorousWaters
19,Story,Gibbon Take,180,GibbonTake,Story.GibbonTake
20,Story,Fast Food Dino,180,FastFoodDino,Story.FastFoodDino
21,Story,Escape From Tree-Rex,240,EscapeFromTreeRex,Story.Escape
22,Story,Chute To Victory,240,ChuteToVictory,Story.ChuteToVictory
23,Story,The Land That Worms Forgot,360,TheLandThatWormsForgot,Story.LandWormsForgot
24,Story,Valley Of The Dinoworms,720,ValleyOfTheDino,Story.ValleyOfDinoWorms
0,Challenge,Sniper Rifle Challenge,120,ChallengeSniper,Challenge.SniperRifle
1,Challenge,Jet Pack Challenge,120,ChallengeJetpack,Challenge.JetPack
2,Challenge,Super Sheep Challenge,90,ChallengeSheep,Challenge.SSheep
3,Challenge,Icarus Potion Challenge,180,ChallengeRedBull,Challenge.Icarus
4,Challenge,Shotgun Challenge,90,ChallengeShotgun,Challenge.Shotgun
5,Challenge,Accuracy Challenge,165,ChallengeAccuracy,Challenge.Accuracy
6,Challenge,Navigation Challenge,90,ChallengeNavigation,Challenge.Navigation
7,Challenge,Crate Collect Challenge,150,ChallengeCrate,Challenge.CrateCollect
0,Deathmatch,Deathmatch 1,240,DeathMatch1,Deathmatch.1
1,Deathmatch,Deathmatch 2,300,DeathMatch2,Deathmatch.2
2,Deathmatch,Deathmatch 3,480,DeathMatch3,Deathmatch.3
3,Deathmatch,Deathmatch 4,300,DeathMatch4,Deathmatch.4
4,Deathmatch,Deathmatch 5,600,DeathMatch5,Deathmatch.5
5,Deathmatch,Deathmatch 6,720,DeathMatch6,Deathmatch.6
6,Deathmatch,Deathmatch 7,660,DeathMatch7,Deathmatch.7
7,Deathmatch,Deathmatch 8,300,DeathMatch8,Deathmatch.8
8,Deathmatch,Deathmatch 9,600,DeathMatch9,Deathmatch.9
9,Deathmatch,Deathmatch 10,600,DeathMatch10,Deathmatch.10